"id","name","url","thumbnail_image_url","recipe_kind_id"
1,"親子丼","https://chefgohan.gnavi.co.jp/detail/89","https://c-chefgohan.gnst.jp/imgdata/recipe/89/00/89/rc732x546_1209090546_ea8ef861fa007bf83a810b3c6fc9a589.jpg",1
2,"玉子焼き","https://chefgohan.gnavi.co.jp/detail/90","https://c-chefgohan.gnst.jp/imgdata/recipe/90/00/90/rc732x546_1209090617_e73e7d03237e70e759dfd90c84c24733.jpg",1
3,"鶏のから揚げ","https://chefgohan.gnavi.co.jp/detail/91","https://c-chefgohan.gnst.jp/imgdata/recipe/91/00/91/rc732x546_1209091011_6722e12fa22673b3f1afb583c653d71e.jpg",1
4,"肉じゃが","https://chefgohan.gnavi.co.jp/detail/95","https://c-chefgohan.gnst.jp/imgdata/recipe/95/00/95/rc732x546_1209140727_8e07f0cac6be1fd35c46b3f1362f01c8.jpg",1
5,"天ぷら","https://chefgohan.gnavi.co.jp/detail/96","https://c-chefgohan.gnst.jp/imgdata/recipe/96/00/96/rc732x546_1209101254_a36da1057803edf114a64f5577312f10.jpg",1
6,"きんぴら","https://chefgohan.gnavi.co.jp/detail/97","https://c-chefgohan.gnst.jp/imgdata/recipe/97/00/97/rc732x546_1209100104_35e456fb47a0b7c6d061ce61f8c3b01d.jpg",1
7,"鶏の照り焼き","https://chefgohan.gnavi.co.jp/detail/98","https://c-chefgohan.gnst.jp/imgdata/recipe/98/00/98/rc732x546_1209100139_b5b0dc953a5c5fdb1927a85488d70c9c.jpg",1
8,"五目炊き込みごはん","https://chefgohan.gnavi.co.jp/detail/147","https://c-chefgohan.gnst.jp/imgdata/recipe/47/01/147/rc732x546_1209130110_33f506fac8475c71df52116439c391c4.jpg",1
9,"筍ごはん","https://chefgohan.gnavi.co.jp/detail/148","https://c-chefgohan.gnst.jp/imgdata/recipe/48/01/148/rc732x546_1304031027_59d04c61fad206b6dfaeb1086311a75f.jpg",1
10,"おでん","https://chefgohan.gnavi.co.jp/detail/149","https://c-chefgohan.gnst.jp/imgdata/recipe/49/01/149/rc732x546_1209130113_73dc9aa8f6b508a75a4c37154864d8ef.jpg",1
11,"すき焼き","https://chefgohan.gnavi.co.jp/detail/150","https://c-chefgohan.gnst.jp/imgdata/recipe/50/01/150/rc732x546_1209130115_fc7be4142f59e9ab11a8a92e472114b0.jpg",1
12,"切り干し大根の煮物","https://chefgohan.gnavi.co.jp/detail/151","https://c-chefgohan.gnst.jp/imgdata/recipe/51/01/151/rc732x546_1209130243_de5609b517e1c2163659042a22109303.jpg",1
13,"ひじきの煮物","https://chefgohan.gnavi.co.jp/detail/152","https://c-chefgohan.gnst.jp/imgdata/recipe/52/01/152/rc732x546_1209130245_bf46f9de4a840f5071a637f0281875bb.jpg",1
14,"一口ブリ大根","https://chefgohan.gnavi.co.jp/detail/153","https://c-chefgohan.gnst.jp/imgdata/recipe/53/01/153/rc732x546_1701131626_060a10d482df31ba8ace68ed1a270c14.jpg",1
15,"さばの味噌煮　フライパンで煮魚！","https://chefgohan.gnavi.co.jp/detail/154","https://c-chefgohan.gnst.jp/imgdata/recipe/54/01/154/rc732x546_1209140251_85df1a7878455c8a705aaaaa6c4cef3e.jpg",1
16,"生姜焼き","https://chefgohan.gnavi.co.jp/detail/155","https://c-chefgohan.gnst.jp/imgdata/recipe/55/01/155/rc732x546_1209130248_7ee7f5db56c509f6bbe672760147c960.jpg",1
17,"牛丼","https://chefgohan.gnavi.co.jp/detail/156","https://c-chefgohan.gnst.jp/imgdata/recipe/56/01/156/rc732x546_1209130250_1a77769fc2cb94c904b008951465540c.jpg",1
18,"「日本の郷土料理！」筑前煮！煮しめ！がめ煮！","https://chefgohan.gnavi.co.jp/detail/157","https://c-chefgohan.gnst.jp/imgdata/recipe/57/01/157/rc732x546_1209130251_72f2a6a263a7251f9829f7347382faa7.jpg",1
19,"さといもの煮ころがし","https://chefgohan.gnavi.co.jp/detail/236","https://c-chefgohan.gnst.jp/imgdata/recipe/36/02/236/rc732x546_1209131116_0d1d4fd3bb1ea80bd84f59f21abacaa8.jpg",1
20,"ぬた和え","https://chefgohan.gnavi.co.jp/detail/237","https://c-chefgohan.gnst.jp/imgdata/recipe/37/02/237/rc732x546_1209180325_681ba34db1dbd9a5892d43ae367b08fa.jpg",1
21,"ふろふき大根　そぼろあんかけ","https://chefgohan.gnavi.co.jp/detail/238","https://c-chefgohan.gnst.jp/imgdata/recipe/38/02/238/rc732x546_1209180303_f65e80607e7e9817eb1d16ffe5545bb9.jpg",1
22,"肉豆腐","https://chefgohan.gnavi.co.jp/detail/239","https://c-chefgohan.gnst.jp/imgdata/recipe/39/02/239/rc732x546_1209131141_8786fd05579c71517930b1a8f8d9a96e.jpg",1
23,"きゅうりとわかめの酢の物","https://chefgohan.gnavi.co.jp/detail/240","https://c-chefgohan.gnst.jp/imgdata/recipe/40/02/240/rc732x546_1209131229_bb0da726d6da5968db9bd920b1f0e2d8.jpg",1
24,"かぼちゃの煮物","https://chefgohan.gnavi.co.jp/detail/241","https://c-chefgohan.gnst.jp/imgdata/recipe/41/02/241/rc732x546_1209131243_3e21fc92b0728709c43b1fefe861da1f.jpg",1
25,"卯の花","https://chefgohan.gnavi.co.jp/detail/469","https://c-chefgohan.gnst.jp/imgdata/recipe/69/04/469/rc732x546_1209180338_3b8f40b94e422cee35ccc8f1c21cb5db.jpg",1
26,"三色丼","https://chefgohan.gnavi.co.jp/detail/470","https://c-chefgohan.gnst.jp/imgdata/recipe/70/04/470/rc732x546_1209180343_55474d5fb0b5e3d8fef8b98cb862b7ab.jpg",1
27,"イカ大根","https://chefgohan.gnavi.co.jp/detail/471","https://c-chefgohan.gnst.jp/imgdata/recipe/71/04/471/rc732x546_1209180342_b622d0885a19e478081921089b699b88.jpg",1
28,"ほうれん草のごまあえ","https://chefgohan.gnavi.co.jp/detail/472","https://c-chefgohan.gnst.jp/imgdata/recipe/72/04/472/rc732x546_1209180341_fea4b22fa2191fef9e3573c445b7e464.jpg",1
29,"カレイの煮付け","https://chefgohan.gnavi.co.jp/detail/473","https://c-chefgohan.gnst.jp/imgdata/recipe/73/04/473/rc732x546_1209180340_d9fce07dcb9419ba18bd7d1e9b6717bd.jpg",1
30,"豚汁","https://chefgohan.gnavi.co.jp/detail/474","https://c-chefgohan.gnst.jp/imgdata/recipe/74/04/474/rc732x546_1209180339_722bbd0bd61d2cfc3691fa4ff58e8921.jpg",1
31,"鶏の竜田揚げ","https://chefgohan.gnavi.co.jp/detail/475","https://c-chefgohan.gnst.jp/imgdata/recipe/75/04/475/rc732x546_1209180338_53a6a09cdb06bf09648d0e75f5658b26.jpg",1
32,"鯵の南蛮漬け","https://chefgohan.gnavi.co.jp/detail/476","https://c-chefgohan.gnst.jp/imgdata/recipe/76/04/476/rc732x546_1209211013_978a3de7b79758905d8678e89159ce96.jpg",1
33,"恵方巻き（太巻き）","https://chefgohan.gnavi.co.jp/detail/2909","https://c-chefgohan.gnst.jp/imgdata/recipe/09/29/2909/rc732x546_1501290455_c6a3f8e980162e12d4fe33faadc2e0de.jpg",1
34,"はまぐりのお吸い物","https://chefgohan.gnavi.co.jp/detail/2933","https://c-chefgohan.gnst.jp/imgdata/recipe/33/29/2933/rc732x546_1502180300_1f2be611c78b9fbda7e9a765a8cda3ec.jpg",1
35,"茶碗蒸し　磯辺あん掛け","https://chefgohan.gnavi.co.jp/detail/2969","https://c-chefgohan.gnst.jp/imgdata/recipe/69/29/2969/rc732x546_1503120158_9a304acdbfa403fc31d3225c1607a744.jpg",1
36,"三色手まり寿司","https://chefgohan.gnavi.co.jp/detail/2970","https://c-chefgohan.gnst.jp/imgdata/recipe/70/29/2970/rc732x546_1503121159_dabd18bb574cc3be53424745b490ca67.jpg",1
37,"たけのこ西京土佐煮","https://chefgohan.gnavi.co.jp/detail/3206","https://c-chefgohan.gnst.jp/imgdata/recipe/06/32/3206/rc732x546_1503191133_cb0d460d53766099f555ac4d2fe7a887.jpg",1
38,"まぐろの漬け丼","https://chefgohan.gnavi.co.jp/detail/3259","https://c-chefgohan.gnst.jp/imgdata/recipe/59/32/3259/rc732x546_1505260117_969b91b44905af09e09e4741c9525272.jpg",1
39,"鯵のたたき","https://chefgohan.gnavi.co.jp/detail/3260","https://c-chefgohan.gnst.jp/imgdata/recipe/60/32/3260/rc732x546_1505260431_6d5bddb01c1a816b1b25891af3cfa3c0.jpg",1
40,"鯛の昆布じめ","https://chefgohan.gnavi.co.jp/detail/3261","https://c-chefgohan.gnst.jp/imgdata/recipe/61/32/3261/rc732x546_1505260534_25facdf620939aa4edb2e839b4013dc9.jpg",1
41,"ゴーヤチャンプルー","https://chefgohan.gnavi.co.jp/detail/3354","https://c-chefgohan.gnst.jp/imgdata/recipe/54/33/3354/rc732x546_1508040912_07c8a91909260a0e1f76be74fe40f8ea.jpg",1
42,"ジューシー（沖縄 炊き込み御飯）","https://chefgohan.gnavi.co.jp/detail/3355","https://c-chefgohan.gnst.jp/imgdata/recipe/55/33/3355/rc732x546_1508030447_662e64f5a2c18513968db5d4acd9677f.jpg",1
43,"土鍋で栗ごはん","https://chefgohan.gnavi.co.jp/detail/3508","https://c-chefgohan.gnst.jp/imgdata/recipe/08/35/3508/rc732x546_1509101850_7ac573ca196f4bffa5bddeccb43e5e80.jpg",1
44,"秋刀魚の蒲焼（肝焼き）","https://chefgohan.gnavi.co.jp/detail/3509","https://c-chefgohan.gnst.jp/imgdata/recipe/09/35/3509/rc732x546_1509151322_9d671ac426c2778a9c12a6f310d0998d.jpg",1
45,"蕎麦屋直伝　とり南蛮そば","https://chefgohan.gnavi.co.jp/detail/3878","https://c-chefgohan.gnst.jp/imgdata/recipe/78/38/3878/rc732x546_1512071456_7c3eda55ee0fcafe7dd20ad849cd990b.jpg",1
46,"芋金団（芋の栗きんとん）","https://chefgohan.gnavi.co.jp/detail/3882","https://c-chefgohan.gnst.jp/imgdata/recipe/82/38/3882/rc732x546_1512071827_887e43db5de127a29f4694a6fe051cf6.jpg",1
47,"伊達巻","https://chefgohan.gnavi.co.jp/detail/3883","https://c-chefgohan.gnst.jp/imgdata/recipe/83/38/3883/rc732x546_1512071724_a52d8333ff04d76e56803458d000a3be.jpg",1
48,"黒豆艶煮","https://chefgohan.gnavi.co.jp/detail/3884","https://c-chefgohan.gnst.jp/imgdata/recipe/84/38/3884/rc732x546_1512071744_f4698a7bb864b5d868685e3147b69fb7.jpg",1
49,"鰯のつみれ汁","https://chefgohan.gnavi.co.jp/detail/4054","https://c-chefgohan.gnst.jp/imgdata/recipe/54/40/4054/rc732x546_1603011445_1db0b8757d4e290e4f80517c06701c73.jpg",1
50,"あら汁[潮(うしお)汁]","https://chefgohan.gnavi.co.jp/detail/4069","https://c-chefgohan.gnst.jp/imgdata/recipe/69/40/4069/rc732x546_1603151531_26e9b48b2eaf9ed6e374a4031fbc1833.jpg",1
51,"西京焼き","https://chefgohan.gnavi.co.jp/detail/4071","https://c-chefgohan.gnst.jp/imgdata/recipe/71/40/4071/rc732x546_1612211250_ed012fb4950cad6099c95ef9124cfc82.jpg",1
52,"ちりめん山椒（ちりめんじゃこ有馬煮）","https://chefgohan.gnavi.co.jp/detail/4156","https://c-chefgohan.gnst.jp/imgdata/recipe/56/41/4156/rc732x546_1603291132_af38703d2742219b28cabf560a791a91.jpg",1
53,"高野豆腐の煮物","https://chefgohan.gnavi.co.jp/detail/4157","https://c-chefgohan.gnst.jp/imgdata/recipe/57/41/4157/rc732x546_1604201135_43c79f954cf2208f8e99035ae19e2356.jpg",1
54,"金目鯛の煮付け","https://chefgohan.gnavi.co.jp/detail/4200","https://c-chefgohan.gnst.jp/imgdata/recipe/00/42/4200/rc732x546_1604181026_02c5664c1820d6a73bf3029de1f4017a.jpg",1
55,"揚げ出し豆腐","https://chefgohan.gnavi.co.jp/detail/4201","https://c-chefgohan.gnst.jp/imgdata/recipe/01/42/4201/rc732x546_1604181724_5b6fb31309d94a081c273a2a903b7f1e.jpg",1
56,"茄子の旨煮　揚げ桜海老","https://chefgohan.gnavi.co.jp/detail/4272","https://c-chefgohan.gnst.jp/imgdata/recipe/72/42/4272/rc732x546_1605231900_1f255a4a3f0ac983584ad80ddcc1c0cb.jpg",1
57,"塩鮭の冷やし茶漬け","https://chefgohan.gnavi.co.jp/detail/4273","https://c-chefgohan.gnst.jp/imgdata/recipe/73/42/4273/rc732x546_1606031709_166ba69e696139056bd4d25d4fd9c165.jpg",1
58,"青菜のおひたし","https://chefgohan.gnavi.co.jp/detail/4367","https://c-chefgohan.gnst.jp/imgdata/recipe/67/43/4367/rc732x546_1607041710_790642df15f61d3ae5f499136db8341b.jpg",1
59,"胡麻豆腐","https://chefgohan.gnavi.co.jp/detail/4368","https://c-chefgohan.gnst.jp/imgdata/recipe/68/43/4368/rc732x546_1606301821_76cbaf2cabb7b8e606c1b9860042e51f.jpg",1
60,"野菜の白和え（白酢和え）","https://chefgohan.gnavi.co.jp/detail/4539","https://c-chefgohan.gnst.jp/imgdata/recipe/39/45/4539/rc732x546_1609211650_307ee35e725aae6f1753fc9ad4ea49d2.jpg",1
61,"鯖の幽庵焼","https://chefgohan.gnavi.co.jp/detail/4757","https://c-chefgohan.gnst.jp/imgdata/recipe/57/47/4757/rc732x546_1611071737_fb6c1c1a0630193da4e85e051e6bddca.jpg",1
62,"鶏と冬瓜のにゅうめん","https://chefgohan.gnavi.co.jp/detail/4381","https://c-chefgohan.gnst.jp/imgdata/recipe/81/43/4381/rc732x546_1607251448_0590650664110f962728790bf46c3721.jpg",1
63,"蕎麦屋直伝　エビ天そば","https://chefgohan.gnavi.co.jp/detail/4811","https://c-chefgohan.gnst.jp/imgdata/recipe/11/48/4811/rc732x546_1611241025_794b4deee3e678444a3f3859484876bf.jpg",1
64,"蕎麦屋直伝　きつねそば","https://chefgohan.gnavi.co.jp/detail/4810","https://c-chefgohan.gnst.jp/imgdata/recipe/10/48/4810/rc732x546_1611221904_1a00f57eb9e29d83fcb232d54ffc1ee7.jpg",1
65,"田作り","https://chefgohan.gnavi.co.jp/detail/4806","https://c-chefgohan.gnst.jp/imgdata/recipe/06/48/4806/rc732x546_1611281604_39105959f13a928eca65c5755186603c.jpg",1
66,"叩きごぼう","https://chefgohan.gnavi.co.jp/detail/4807","https://c-chefgohan.gnst.jp/imgdata/recipe/07/48/4807/rc732x546_1611281617_0b3817234c586e5b11484c9f6bd7f16d.jpg",1
67,"なます","https://chefgohan.gnavi.co.jp/detail/4808","https://c-chefgohan.gnst.jp/imgdata/recipe/08/48/4808/rc732x546_1611281631_97adff4f4d57355f5f020d4efbd47329.jpg",1
68,"鯛骨蒸し すだち餡掛け 白髪ネギ","https://chefgohan.gnavi.co.jp/detail/4791","https://c-chefgohan.gnst.jp/imgdata/recipe/91/47/4791/rc732x546_1611091731_16f7d0e3dca4cdbab0f23c373a7e8744.jpg",1
69,"数の子","https://chefgohan.gnavi.co.jp/detail/4625","https://c-chefgohan.gnst.jp/imgdata/recipe/25/46/4625/rc732x546_1609301545_2318ff80bed3947bf9799bbc168dc085.jpg",1
70,"ふき土佐煮","https://chefgohan.gnavi.co.jp/detail/4476","https://c-chefgohan.gnst.jp/imgdata/recipe/76/44/4476/rc732x546_1609201819_ea0708bcffd66e88ea59176b45497e4d.jpg",1
71,"蛍烏賊沖漬け","https://chefgohan.gnavi.co.jp/detail/4481","https://c-chefgohan.gnst.jp/imgdata/recipe/81/44/4481/rc732x546_1610051904_3ddaba3fa6bbc6de97e6d8bc4c37b3c1.jpg",1
72,"牡蠣釜飯","https://chefgohan.gnavi.co.jp/detail/4480","https://c-chefgohan.gnst.jp/imgdata/recipe/80/44/4480/rc732x546_1609201828_f021bcd121ee0ca6ee677eb2b25be7ba.jpg",1
73,"寿司屋直伝　三色巻き（鉄火・かっぱ・たくあん）","https://chefgohan.gnavi.co.jp/detail/4900","https://c-chefgohan.gnst.jp/imgdata/recipe/00/49/4900/rc732x546_1701201722_51a560d317d856461708ba0c7ef973b4.jpg",1
74,"銀ダラの粕漬け","https://chefgohan.gnavi.co.jp/detail/4882","https://c-chefgohan.gnst.jp/imgdata/recipe/82/48/4882/rc732x546_1701201844_429e219873b60dc9f39997aaef14dd2a.jpg",1
75,"うどん屋直伝　揚げ餅うどん","https://chefgohan.gnavi.co.jp/detail/4930","https://c-chefgohan.gnst.jp/imgdata/recipe/30/49/4930/rc732x546_1702221848_ef282cf603a6b1d86cbe16df85f8dcab.jpg",1
76,"季節野菜の鶏そぼろ餡かけ","https://chefgohan.gnavi.co.jp/detail/4931","https://c-chefgohan.gnst.jp/imgdata/recipe/31/49/4931/rc732x546_1702221855_a6017b63adfd1b5a10e2e09f32fe1898.jpg",1
77,"大根サラダ","https://chefgohan.gnavi.co.jp/detail/4932","https://c-chefgohan.gnst.jp/imgdata/recipe/32/49/4932/rc732x546_1702221908_0869cd6bfee33f5695c301cd6e909ef9.jpg",1
78,"合鴨と茄子の治部煮","https://chefgohan.gnavi.co.jp/detail/5003","https://c-chefgohan.gnst.jp/imgdata/recipe/03/50/5003/rc732x546_1703220959_01586f2a0ddf1ebaf8141df069de48de.jpg",1
79,"オムライス","https://chefgohan.gnavi.co.jp/detail/108","https://c-chefgohan.gnst.jp/imgdata/recipe/08/01/108/rc732x546_1209240459_08666b76d5ba3dd190740bab0f29b16f.jpg",2
80,"エビフライ","https://chefgohan.gnavi.co.jp/detail/109","https://c-chefgohan.gnst.jp/imgdata/recipe/09/01/109/rc732x546_1209211010_de2ea37ed951ef5726e13e2e9ebbcbc8.jpg",2
81,"ローストビーフ","https://chefgohan.gnavi.co.jp/detail/110","https://c-chefgohan.gnst.jp/imgdata/recipe/10/01/110/rc732x546_1209241056_7c3d8fc47ed52fdf4a69db3d9d56e07a.jpg",2
82,"コールスロー","https://chefgohan.gnavi.co.jp/detail/111","https://c-chefgohan.gnst.jp/imgdata/recipe/11/01/111/rc732x546_1209211011_9936da008efc6121e05ab1c94f5c9a8c.jpg",2
83,"ポテトサラダ","https://chefgohan.gnavi.co.jp/detail/123","https://c-chefgohan.gnst.jp/imgdata/recipe/23/01/123/rc732x546_1209110909_979882c475f2bcde3fd7920d65aef688.jpg",2
84,"マカロニグラタン","https://chefgohan.gnavi.co.jp/detail/124","https://c-chefgohan.gnst.jp/imgdata/recipe/24/01/124/rc732x546_1209110910_afd35d72b1337cfc18ba477590a65b04.jpg",2
85,"ビーフポテトコロッケ","https://chefgohan.gnavi.co.jp/detail/125","https://c-chefgohan.gnst.jp/imgdata/recipe/25/01/125/rc732x546_1209110912_0fa7e481bce97d46e9d536b0cf9cff54.jpg",2
86,"ロールキャベツ","https://chefgohan.gnavi.co.jp/detail/126","https://c-chefgohan.gnst.jp/imgdata/recipe/26/01/126/rc732x546_1209110913_c861298bd4b883f5653a60d61cad7ddf.jpg",2
87,"ナポリタン","https://chefgohan.gnavi.co.jp/detail/127","https://c-chefgohan.gnst.jp/imgdata/recipe/27/01/127/rc732x546_1209110914_02e823a2ef8edd366934c487224a8a49.jpg",2
88,"エビピラフ","https://chefgohan.gnavi.co.jp/detail/128","https://c-chefgohan.gnst.jp/imgdata/recipe/28/01/128/rc732x546_1209110915_06aa6e84eeab4cd05425eb47b3430266.jpg",2
89,"ハンバーグステーキ","https://chefgohan.gnavi.co.jp/detail/129","https://c-chefgohan.gnst.jp/imgdata/recipe/29/01/129/rc732x546_1209110916_aac169e9d6308f2705c54bfacbcfc02d.jpg",2
90,"マカロニサラダ","https://chefgohan.gnavi.co.jp/detail/130","https://c-chefgohan.gnst.jp/imgdata/recipe/30/01/130/rc732x546_1209110916_e75bb8340a3f533b74cc13639f068e56.jpg",2
91,"カミカツ","https://chefgohan.gnavi.co.jp/detail/131","https://c-chefgohan.gnst.jp/imgdata/recipe/31/01/131/rc732x546_1209110918_db10a8d1897daae50c36002ac26f684a.jpg",2
92,"ドライカレー","https://chefgohan.gnavi.co.jp/detail/132","https://c-chefgohan.gnst.jp/imgdata/recipe/32/01/132/rc732x546_1209110918_59e16ccc5a1e4eb183e6fd758ed579e2.jpg",2
93,"カニクリームコロッケ","https://chefgohan.gnavi.co.jp/detail/664","https://c-chefgohan.gnst.jp/imgdata/recipe/64/06/664/rc732x546_1301210115_8fc30ec88af1f344f00a5b8b68234155.jpg",2
94,"クリームシチュー","https://chefgohan.gnavi.co.jp/detail/1593","https://c-chefgohan.gnst.jp/imgdata/recipe/93/15/1593/rc732x546_1311290219_c7c181c48208960c56e638ea0c92afde.jpg",2
95,"コンソメ","https://chefgohan.gnavi.co.jp/detail/2058","https://c-chefgohan.gnst.jp/imgdata/recipe/58/20/2058/rc732x546_1401101150_0df0f46c3d95a3dfc5fb55ececf2ca21.jpg",2
96,"メンチカツ（ミンチカツ）","https://chefgohan.gnavi.co.jp/detail/2275","https://c-chefgohan.gnst.jp/imgdata/recipe/75/22/2275/rc732x546_1403130431_91fca8bda2256f9dfafc1f165eebebfb.jpg",2
97,"エッグベネディクト","https://chefgohan.gnavi.co.jp/detail/2734","https://c-chefgohan.gnst.jp/imgdata/recipe/34/27/2734/rc732x546_1409010251_572391b5f819012353e63b6d8f2ee6fe.jpg",2
98,"ハンバーガー","https://chefgohan.gnavi.co.jp/detail/4180","https://c-chefgohan.gnst.jp/imgdata/recipe/80/41/4180/rc732x546_1604081456_1c2c13e5ac30c7ea7bbb5a69ad0c7169.jpg",2
99,"スモークチキン","https://chefgohan.gnavi.co.jp/detail/4181","https://c-chefgohan.gnst.jp/imgdata/recipe/81/41/4181/rc732x546_1604111146_594b9a08d6d83559c1eef4d928d747ed.jpg",2
100,"チリコンカーン","https://chefgohan.gnavi.co.jp/detail/4182","https://c-chefgohan.gnst.jp/imgdata/recipe/82/41/4182/rc732x546_1604131201_8d99fd71e81149fd0197d6fe4cade45f.jpg",2
101,"ムール貝の白ワイン蒸し","https://chefgohan.gnavi.co.jp/detail/4813","https://c-chefgohan.gnst.jp/imgdata/recipe/13/48/4813/rc732x546_1612081859_23a58bcbe0f02c15fc1fea0d14c88e2c.jpg",2
102,"鶏もも肉のベルギービール煮込み","https://chefgohan.gnavi.co.jp/detail/4814","https://c-chefgohan.gnst.jp/imgdata/recipe/14/48/4814/rc732x546_1612081911_d5725bb1bf45e1b06448e13de0864ed8.jpg",2
103,"オムライス ～ホワイトソース～","https://chefgohan.gnavi.co.jp/detail/4889","https://c-chefgohan.gnst.jp/imgdata/recipe/89/48/4889/rc732x546_1701311425_77d42424bec863c4949122c317ecca25.jpg",2
104,"フライドチキン","https://chefgohan.gnavi.co.jp/detail/4909","https://c-chefgohan.gnst.jp/imgdata/recipe/09/49/4909/rc732x546_1702101932_3615d854a9039d8c5c2ce8985cf25767.jpg",2
105,"ミートローフ","https://chefgohan.gnavi.co.jp/detail/4907","https://c-chefgohan.gnst.jp/imgdata/recipe/07/49/4907/rc732x546_1702101144_01ec4143c0334be1b50dcb2825c413ef.jpg",2
106,"手作り あらびきソーセージ","https://chefgohan.gnavi.co.jp/detail/4908","https://c-chefgohan.gnst.jp/imgdata/recipe/08/49/4908/rc732x546_1702102042_755c84b23982d46df0cc6691a1fe4abe.jpg",2
107,"シュパーゲル オランデーズソース（ホワイトアスパラガス）","https://chefgohan.gnavi.co.jp/detail/5014","https://c-chefgohan.gnst.jp/imgdata/recipe/14/50/5014/rc732x546_1704121205_e279e21aeeb0969ba657b35ff795ab1a.jpg",2
108,"ツヴィーベルクーヘン（ドイツ風 玉ねぎのキッシュ）","https://chefgohan.gnavi.co.jp/detail/5015","https://c-chefgohan.gnst.jp/imgdata/recipe/15/50/5015/rc732x546_1704121352_5dd68e1ce9f88424ddb4d1a5ffd37396.jpg",2
109,"マウルタッシェン　きのこのホワイトソース","https://chefgohan.gnavi.co.jp/detail/5016","https://c-chefgohan.gnst.jp/imgdata/recipe/16/50/5016/rc732x546_1704121559_9c4093fd055d3a7b975ecd0f6b280ab7.jpg",2
110,"エビチリ","https://chefgohan.gnavi.co.jp/detail/99","https://c-chefgohan.gnst.jp/imgdata/recipe/99/00/99/rc732x546_1209100818_21faaa88dd8b646649ea58c5eb4c1a62.jpg",3
111,"酢豚","https://chefgohan.gnavi.co.jp/detail/100","https://c-chefgohan.gnst.jp/imgdata/recipe/00/01/100/rc732x546_1209100828_307a89b0162d2dac4db74062cd910836.jpg",3
112,"あんかけ かに玉","https://chefgohan.gnavi.co.jp/detail/101","https://c-chefgohan.gnst.jp/imgdata/recipe/01/01/101/rc732x546_1211280546_c806949f3e0a5916bf6001c013b704d8.jpeg",3
113,"サンラータン","https://chefgohan.gnavi.co.jp/detail/103","https://c-chefgohan.gnst.jp/imgdata/recipe/03/01/103/rc732x546_1209100840_6e100ea5c57b4f327af79ee304b95dd6.jpg",3
114,"にらたま","https://chefgohan.gnavi.co.jp/detail/104","https://c-chefgohan.gnst.jp/imgdata/recipe/04/01/104/rc732x546_1209100842_e892d74c5aa123f37ac09bbf055d7764.jpg",3
115,"チャーハン","https://chefgohan.gnavi.co.jp/detail/105","https://c-chefgohan.gnst.jp/imgdata/recipe/05/01/105/rc732x546_1209100850_d5aad63e2acea1ea936178c6bc542933.jpg",3
116,"青椒肉絲（チンジャオロース）","https://chefgohan.gnavi.co.jp/detail/106","https://c-chefgohan.gnst.jp/imgdata/recipe/06/01/106/rc732x546_1209100852_6abbf624769f61bc3b1df0f15cb8b67a.jpg",3
117,"坦々麺","https://chefgohan.gnavi.co.jp/detail/107","https://c-chefgohan.gnst.jp/imgdata/recipe/07/01/107/rc732x546_1209100855_a99c55991173a7e4be38ac98f0ebcf9e.jpg",3
118,"豚の角煮 (東坡肉　トンポーロー）","https://chefgohan.gnavi.co.jp/detail/426","https://c-chefgohan.gnst.jp/imgdata/recipe/26/04/426/rc732x546_1209171230_936401608c5febf77c28b9fd612bfddf.jpg",3
119,"水餃子 (紅油水餃　ホンユースイジャオ)","https://chefgohan.gnavi.co.jp/detail/427","https://c-chefgohan.gnst.jp/imgdata/recipe/27/04/427/rc732x546_1209171239_c815209c77765ade2f2a9f273426f9ae.jpg",3
120,"棒々鶏 （バンバンジー)","https://chefgohan.gnavi.co.jp/detail/429","https://c-chefgohan.gnst.jp/imgdata/recipe/29/04/429/rc732x546_1209171247_9db365d2c3caa3acb6b3779e27cb273b.jpg",3
121,"冷やし中華","https://chefgohan.gnavi.co.jp/detail/433","https://c-chefgohan.gnst.jp/imgdata/recipe/33/04/433/rc732x546_1209170107_59d000c9a35b470a54334cf12cff2e86.jpg",3
122,"肉だんご　甘酢あんかけ","https://chefgohan.gnavi.co.jp/detail/442","https://c-chefgohan.gnst.jp/imgdata/recipe/42/04/442/rc732x546_1209170134_09cdd796638414b795c4dd6d8ec8bdc9.jpg",3
123,"あさりの中華粥","https://chefgohan.gnavi.co.jp/detail/444","https://c-chefgohan.gnst.jp/imgdata/recipe/44/04/444/rc732x546_1209170138_0a4bb21df5b1f10608c0e26260c00166.jpg",3
124,"春巻き","https://chefgohan.gnavi.co.jp/detail/447","https://c-chefgohan.gnst.jp/imgdata/recipe/47/04/447/rc732x546_1209170147_c3fecf925c57456051c721acd4cfd587.jpg",3
125,"卵スープ （蛋花湯～タンファータン～)","https://chefgohan.gnavi.co.jp/detail/448","https://c-chefgohan.gnst.jp/imgdata/recipe/48/04/448/rc732x546_1209170200_1d6d0398c06451d402ae30d2263a4ede.jpg",3
126,"麻婆豆腐","https://chefgohan.gnavi.co.jp/detail/466","https://c-chefgohan.gnst.jp/imgdata/recipe/66/04/466/rc732x546_1209170415_36911406347e9d36b18965518ea76392.jpg",3
127,"回鍋肉 （ホイコーロー）","https://chefgohan.gnavi.co.jp/detail/467","https://c-chefgohan.gnst.jp/imgdata/recipe/67/04/467/rc732x546_1209170416_9bf08dfc05b7fb578b8a704fc50d3689.jpg",3
128,"焼きそば","https://chefgohan.gnavi.co.jp/detail/468","https://c-chefgohan.gnst.jp/imgdata/recipe/68/04/468/rc732x546_1209170417_fa1a0137b2c9445d070c092e5eb569e5.jpg",3
129,"白身魚の姿蒸し","https://chefgohan.gnavi.co.jp/detail/485","https://c-chefgohan.gnst.jp/imgdata/recipe/85/04/485/rc732x546_1209211006_589f8f75190d66e715ed7a5307be2cac.jpg",3
130,"イカのミルク炒め","https://chefgohan.gnavi.co.jp/detail/488","https://c-chefgohan.gnst.jp/imgdata/recipe/88/04/488/rc732x546_1209190433_805f8a55fd851072f4a69cf321b1f4e9.jpg",3
131,"麻婆春雨","https://chefgohan.gnavi.co.jp/detail/490","https://c-chefgohan.gnst.jp/imgdata/recipe/90/04/490/rc732x546_1209190437_767498fa35a7f33644f5f3da723e3abc.jpg",3
132,"麻婆茄子（茄子の唐辛子甘酢炒め）","https://chefgohan.gnavi.co.jp/detail/3356","https://c-chefgohan.gnst.jp/imgdata/recipe/56/33/3356/rc732x546_1508110259_4a215f308b06573485a974f94dcbe69d.jpg",3
133,"鶏とカシューナッツのピリ辛炒め","https://chefgohan.gnavi.co.jp/detail/3357","https://c-chefgohan.gnst.jp/imgdata/recipe/57/33/3357/rc732x546_1508110304_d8ad6b12449ea207d64e80247c25e969.jpg",3
134,"中華ちまき（粽子）","https://chefgohan.gnavi.co.jp/detail/4210","https://c-chefgohan.gnst.jp/imgdata/recipe/10/42/4210/rc732x546_1604181741_0dad2c788d3be3d6fc888a5e405690c9.jpg",3
135,"XO醤と彩色野菜の中華焼きそば","https://chefgohan.gnavi.co.jp/detail/4219","https://c-chefgohan.gnst.jp/imgdata/recipe/19/42/4219/rc732x546_1605101347_5ed2bbb9371dd48545b5f26e5af91c44.jpg",3
136,"鶏肉のスパイシー炒め","https://chefgohan.gnavi.co.jp/detail/4433","https://c-chefgohan.gnst.jp/imgdata/recipe/33/44/4433/rc732x546_1609211142_c1f07aaeaeb25ddd8301f326d0c8b24c.jpg",3
137,"卵とトマトの炒めもの","https://chefgohan.gnavi.co.jp/detail/4434","https://c-chefgohan.gnst.jp/imgdata/recipe/34/44/4434/rc732x546_1609232101_48d3ce82d0ff54f70b97d0acabf32691.jpg",3
138,"八宝菜 （五目うま煮）","https://chefgohan.gnavi.co.jp/detail/4710","https://c-chefgohan.gnst.jp/imgdata/recipe/10/47/4710/rc732x546_1610121201_5d22a72b517b01792c339f3b80f960c7.jpg",3
139,"テリーヌ","https://chefgohan.gnavi.co.jp/detail/112","https://c-chefgohan.gnst.jp/imgdata/recipe/12/01/112/rc732x546_1209100922_4afe428b9b15f4f037b3a125b8f5c0a1.jpg",4
140,"ムニエル","https://chefgohan.gnavi.co.jp/detail/115","https://c-chefgohan.gnst.jp/imgdata/recipe/15/01/115/rc732x546_1209110247_0d1f8b414df9de9eb09a0a7ce44fa93a.jpg",4
141,"ビーフシチュー","https://chefgohan.gnavi.co.jp/detail/116","https://c-chefgohan.gnst.jp/imgdata/recipe/16/01/116/rc732x546_1209110250_849922c67c88e1cb7d55c3f50460848f.jpg",4
142,"コーンポタージュ","https://chefgohan.gnavi.co.jp/detail/117","https://c-chefgohan.gnst.jp/imgdata/recipe/17/01/117/rc732x546_1209110251_3d86ed10c099f111f71d81d38c2030b2.jpg",4
143,"ビーフストロガノフ","https://chefgohan.gnavi.co.jp/detail/118","https://c-chefgohan.gnst.jp/imgdata/recipe/18/01/118/rc732x546_1209110302_eb72741d03cabc05b54edaa6c4c7b110.jpg",4
144,"かぼちゃの冷製クリームスープ","https://chefgohan.gnavi.co.jp/detail/119","https://c-chefgohan.gnst.jp/imgdata/recipe/19/01/119/rc732x546_1209110306_5f76d59b4b1488424ffa3e9dc2623047.jpg",4
145,"ポ・ト・フー","https://chefgohan.gnavi.co.jp/detail/321","https://c-chefgohan.gnst.jp/imgdata/recipe/21/03/321/rc732x546_1209160526_fa401727c187658aad36bd52d9d29e10.jpg",4
146,"ラタトゥイユ","https://chefgohan.gnavi.co.jp/detail/322","https://c-chefgohan.gnst.jp/imgdata/recipe/22/03/322/rc732x546_1209160526_deff9fff2aad12313fe4cb9991e8005a.jpg",4
147,"マダイのカルパッチョ","https://chefgohan.gnavi.co.jp/detail/323","https://c-chefgohan.gnst.jp/imgdata/recipe/23/03/323/rc732x546_1209160527_81c2c5f7cec79bf884ad4d591a313872.jpg",4
148,"レバーペースト","https://chefgohan.gnavi.co.jp/detail/324","https://c-chefgohan.gnst.jp/imgdata/recipe/24/03/324/rc732x546_1209160527_c845c33cac5506e2a90d6c387e817b68.jpg",4
149,"シーザーサラダ","https://chefgohan.gnavi.co.jp/detail/325","https://c-chefgohan.gnst.jp/imgdata/recipe/25/03/325/rc732x546_1209160528_565555722dfe6d1721dcdc377915e0f3.jpg",4
150,"ポークソテー","https://chefgohan.gnavi.co.jp/detail/326","https://c-chefgohan.gnst.jp/imgdata/recipe/26/03/326/rc732x546_1209160528_5d4a25e4bce3f7c793583fdd03a38b1c.jpg",4
151,"オニオングラタンスープ","https://chefgohan.gnavi.co.jp/detail/649","https://c-chefgohan.gnst.jp/imgdata/recipe/49/06/649/rc732x546_1301040809_7642a2d451a120c101551f26bd38ab07.jpeg",4
152,"ピサラディエール","https://chefgohan.gnavi.co.jp/detail/1325","https://c-chefgohan.gnst.jp/imgdata/recipe/25/13/1325/rc732x546_1307190130_42c7c8aaa2176ca15415838b9536395e.jpg",4
153,"パテ　ド　カンパーニュ","https://chefgohan.gnavi.co.jp/detail/2139","https://c-chefgohan.gnst.jp/imgdata/recipe/39/21/2139/rc732x546_1402210150_6901a0072064a9be8da3e89a33475c81.jpg",4
154,"ブイヤベース","https://chefgohan.gnavi.co.jp/detail/2855","https://c-chefgohan.gnst.jp/imgdata/recipe/55/28/2855/rc732x546_1411100548_e63d609cf3ef11713fdab842bdc98cb2.jpg",4
155,"キッシュ ロレーヌ（ロレーヌ風キッシュ）","https://chefgohan.gnavi.co.jp/detail/3228","https://c-chefgohan.gnst.jp/imgdata/recipe/28/32/3228/rc732x546_1504131110_1f17631130a4f090f7052f926f8a6a1d.jpg",4
156,"白身魚のポワレ","https://chefgohan.gnavi.co.jp/detail/3229","https://c-chefgohan.gnst.jp/imgdata/recipe/29/32/3229/rc732x546_1504130127_daf4ad86f34284af490bc9949c86c3fa.jpg",4
157,"マッシュポテト","https://chefgohan.gnavi.co.jp/detail/3230","https://c-chefgohan.gnst.jp/imgdata/recipe/30/32/3230/rc732x546_1504130133_a2aa07fcd3c36d34e4c208079b304874.jpg",4
158,"鶏胸肉のポッシェ　きのこのソース","https://chefgohan.gnavi.co.jp/detail/3464","https://c-chefgohan.gnst.jp/imgdata/recipe/64/34/3464/rc732x546_1509031358_7bc0e6d2567e4b31ac15ff0b105e03e6.jpg",4
159,"若鶏のフリカッセ　アンシエンヌ風　バターライス添え","https://chefgohan.gnavi.co.jp/detail/3893","https://c-chefgohan.gnst.jp/imgdata/recipe/93/38/3893/rc732x546_1512211450_0557bd70a93d7c909b1bcd2160c2fcfc.jpg",4
160,"ホタテと春野菜のエチュベ","https://chefgohan.gnavi.co.jp/detail/3988","https://c-chefgohan.gnst.jp/imgdata/recipe/88/39/3988/rc732x546_1602011556_66961bb28dd96fa5055f5ee9575afb86.jpg",4
161,"コック・オ・ヴァン（鶏の赤ワイン煮）","https://chefgohan.gnavi.co.jp/detail/4579","https://c-chefgohan.gnst.jp/imgdata/recipe/79/45/4579/rc732x546_1609291807_b07335913e6fcc8b3ff0613450106a5f.jpg",4
162,"サーモンのリエット","https://chefgohan.gnavi.co.jp/detail/4580","https://c-chefgohan.gnst.jp/imgdata/recipe/80/45/4580/rc732x546_1610041443_c518748f281d2c873e2f47c17548aac4.jpg",4
163,"ビシソワーズ（じゃがいもの冷製スープ）","https://chefgohan.gnavi.co.jp/detail/4581","https://c-chefgohan.gnst.jp/imgdata/recipe/81/45/4581/rc732x546_1609291840_6e9e4de92ee3dad1210cf39265a86cc0.jpg",4
164,"ファルシ ～Legumes Farcis~（野菜の詰め物）","https://chefgohan.gnavi.co.jp/detail/4458","https://c-chefgohan.gnst.jp/imgdata/recipe/58/44/4458/rc732x546_1609051320_802e4375f933cbd870a406a36e0b505f.jpg",4
165,"ソッカ ～Socca～ （ひよこ豆のクレープ）","https://chefgohan.gnavi.co.jp/detail/4459","https://c-chefgohan.gnst.jp/imgdata/recipe/59/44/4459/rc732x546_1609051320_bb1b25683f0aec40b88771a8d2b5152c.jpg",4
166,"パニス ～Panisse～（ひよこ豆のフライ）","https://chefgohan.gnavi.co.jp/detail/4460","https://c-chefgohan.gnst.jp/imgdata/recipe/60/44/4460/rc732x546_1609051320_e7933ddd5ff8159ba8b76d824eea4e9d.jpg",4
167,"スープ・ド・ポワソン (soupe de poisson)","https://chefgohan.gnavi.co.jp/detail/4773","https://c-chefgohan.gnst.jp/imgdata/recipe/73/47/4773/rc732x546_1611111501_7f7099b857f97d0558daae5eb597fe98.jpg",4
168,"サラダ ニシソワーズ （ニース風サラダ）","https://chefgohan.gnavi.co.jp/detail/4774","https://c-chefgohan.gnst.jp/imgdata/recipe/74/47/4774/rc732x546_1611170917_32ed156a74b4ebd5a0749f489244ef81.jpg",4
169,"豚肉のリエット","https://chefgohan.gnavi.co.jp/detail/4775","https://c-chefgohan.gnst.jp/imgdata/recipe/75/47/4775/rc732x546_1611170949_0323ff3e6f930ab82b7725faa58585a6.jpg",4
170,"アシ・パルマンティエ（牛肉の赤ワイン煮込み）","https://chefgohan.gnavi.co.jp/detail/4585","https://c-chefgohan.gnst.jp/imgdata/recipe/85/45/4585/rc732x546_1609211318_1bb44d9eb7a7c107b1ad41ca0eb35baa.jpg",4
171,"具沢山のタブレ","https://chefgohan.gnavi.co.jp/detail/4586","https://c-chefgohan.gnst.jp/imgdata/recipe/86/45/4586/rc732x546_1609211318_9bbe6d7817aafc36399bb6d357ff3b31.jpg",4
172,"ブッフ・ア・ラ・クレーム（牛肉のクリーム煮）","https://chefgohan.gnavi.co.jp/detail/4417","https://c-chefgohan.gnst.jp/imgdata/recipe/17/44/4417/rc732x546_1608171508_bdbe7697a35b7cfdc71de3f6883a97bd.jpg",4
173,"キャロット・ラペ","https://chefgohan.gnavi.co.jp/detail/4418","https://c-chefgohan.gnst.jp/imgdata/recipe/18/44/4418/rc732x546_1608171525_704e2ef1f3870c7318f8a3507cd15abe.jpg",4
174,"家庭でお手軽 コトリヤード","https://chefgohan.gnavi.co.jp/detail/4546","https://c-chefgohan.gnst.jp/imgdata/recipe/46/45/4546/rc732x546_1609081640_16cab30747eed2d62df8c2717c5470a6.jpg",4
175,"豚ばら肉のコンフィ","https://chefgohan.gnavi.co.jp/detail/4007","https://c-chefgohan.gnst.jp/imgdata/recipe/07/40/4007/rc732x546_1602171306_8c9a3cf9ece11c08e317c33fc969354a.jpg",4
176,"鶏肉のコンフィ","https://chefgohan.gnavi.co.jp/detail/414","https://c-chefgohan.gnst.jp/imgdata/recipe/14/04/414/rc732x546_1209170440_e8468bce3e8c94e9b37b1a5f27335766.jpg",4
177,"クスクス ロワイヤル","https://chefgohan.gnavi.co.jp/detail/4937","https://c-chefgohan.gnst.jp/imgdata/recipe/37/49/4937/rc732x546_1702161810_dc8590e028e62ef2fc8c8451c6b728a1.jpg",4
178,"チキンのトマト煮込み","https://chefgohan.gnavi.co.jp/detail/4892","https://c-chefgohan.gnst.jp/imgdata/recipe/92/48/4892/rc732x546_1703241418_41cbcb526d0d8f5a9d9796fd584d6cc9.jpg",4
179,"ポタージュ キュルティバトゥール","https://chefgohan.gnavi.co.jp/detail/4971","https://c-chefgohan.gnst.jp/imgdata/recipe/71/49/4971/rc732x546_1703211147_53579a2b9bc2c60f24ae21da55591b4c.jpg",4
180,"ペペロンチーノ","https://chefgohan.gnavi.co.jp/detail/133","https://c-chefgohan.gnst.jp/imgdata/recipe/33/01/133/rc732x546_1209110927_26757ad0cd6407d525beb515e676c4ab.jpg",5
181,"バーニャカウダ","https://chefgohan.gnavi.co.jp/detail/134","https://c-chefgohan.gnst.jp/imgdata/recipe/34/01/134/rc732x546_1209110928_811a670e2d06cca78bf3fa86a3135025.jpg",5
182,"トマトの冷製パスタ","https://chefgohan.gnavi.co.jp/detail/135","https://c-chefgohan.gnst.jp/imgdata/recipe/35/01/135/rc732x546_1209110930_7c8a2f07632c2c0f07db7e41fe8272ac.jpg",5
183,"カルボナーラ","https://chefgohan.gnavi.co.jp/detail/136","https://c-chefgohan.gnst.jp/imgdata/recipe/36/01/136/rc732x546_1308080454_de786452ccca101433e76dca0ff4e644.jpg",5
184,"いわしの香草焼き(ベッカフィーコ)","https://chefgohan.gnavi.co.jp/detail/137","https://c-chefgohan.gnst.jp/imgdata/recipe/37/01/137/rc732x546_1606091409_be406ccc26ebe124adb4c784577b07dc.jpg",5
185,"アクアパッツァ","https://chefgohan.gnavi.co.jp/detail/138","https://c-chefgohan.gnst.jp/imgdata/recipe/38/01/138/rc732x546_1209110933_7496c3b22fc7026f13d601932bd4154b.jpg",5
186,"シチリア風カポナータ","https://chefgohan.gnavi.co.jp/detail/139","https://c-chefgohan.gnst.jp/imgdata/recipe/39/01/139/rc732x546_1209110934_084a009ac1ebf9d7fd616c7dbbb35402.jpg",5
187,"ポモドーロ","https://chefgohan.gnavi.co.jp/detail/140","https://c-chefgohan.gnst.jp/imgdata/recipe/40/01/140/rc732x546_1209110934_718e34dfd55ea026a26001fad791bcd2.jpg",5
188,"ジェノベーゼ","https://chefgohan.gnavi.co.jp/detail/142","https://c-chefgohan.gnst.jp/imgdata/recipe/42/01/142/rc732x546_1209110936_b7b57d75e5232f84aa4937faf0e1610b.jpg",5
189,"カッスーラ","https://chefgohan.gnavi.co.jp/detail/719","https://c-chefgohan.gnst.jp/imgdata/recipe/19/07/719/rc732x546_1302040143_c7a62d8887e529f336b32933ccc9990c.jpg",5
190,"クワトロフォルマッジ　4種のチーズのピザ","https://chefgohan.gnavi.co.jp/detail/2404","https://c-chefgohan.gnst.jp/imgdata/recipe/04/24/2404/rc732x546_1404190239_7e952ea6e3fec8e727bca57f421acaee.jpg",5
191,"Zuppa di pesce ヴィアレッジョ風魚介のスープ","https://chefgohan.gnavi.co.jp/detail/2753","https://c-chefgohan.gnst.jp/imgdata/recipe/53/27/2753/rc732x546_1409190155_9fe521d232692e310ca84aa189992007.jpg",5
192,"モンタナーラ （揚げピッツァ）","https://chefgohan.gnavi.co.jp/detail/2848","https://c-chefgohan.gnst.jp/imgdata/recipe/48/28/2848/rc732x546_1511091153_cd733988940b2472758d611c84b98741.jpg",5
193,"ミラノ風カツレツ","https://chefgohan.gnavi.co.jp/detail/4172","https://c-chefgohan.gnst.jp/imgdata/recipe/72/41/4172/rc732x546_1604111827_d9b31e5da845570f81f2193e6127d43f.jpg",5
194,"魚介のフリット・ミスト","https://chefgohan.gnavi.co.jp/detail/4173","https://c-chefgohan.gnst.jp/imgdata/recipe/73/41/4173/rc732x546_1604061329_3c7871d40ed3fcea9eca7d351e8b5662.jpg",5
195,"グリッシーニ","https://chefgohan.gnavi.co.jp/detail/4174","https://c-chefgohan.gnst.jp/imgdata/recipe/74/41/4174/rc732x546_1604061402_fa8490f3c2c3b362b5f4b592ed6f4c6a.jpg",5
196,"手打ち生パスタ“ほうれん草のフェットチーネ”　ボスカイオーラ","https://chefgohan.gnavi.co.jp/detail/4260","https://c-chefgohan.gnst.jp/imgdata/recipe/60/42/4260/rc732x546_1605191611_752fedd7c1339aabced0fad6645bc0da.jpg",5
197,"ミネストローネ　トスカーナ風","https://chefgohan.gnavi.co.jp/detail/4261","https://c-chefgohan.gnst.jp/imgdata/recipe/61/42/4261/rc732x546_1605191626_8fe45c743abc955dbaeff44f90f0577c.jpg",5
198,"4種のチーズ入り　手作りラビオリ","https://chefgohan.gnavi.co.jp/detail/4304","https://c-chefgohan.gnst.jp/imgdata/recipe/04/43/4304/rc732x546_1606101332_50ecd5142e2c0ca30b3b599bbd3bef12.jpg",5
199,"パルメジャーノチーズのリゾット","https://chefgohan.gnavi.co.jp/detail/4306","https://c-chefgohan.gnst.jp/imgdata/recipe/06/43/4306/rc732x546_1606131334_3590975eee4234396ccba53a0ae0062c.jpg",5
200,"ロンバルディア風ステーキ","https://chefgohan.gnavi.co.jp/detail/4307","https://c-chefgohan.gnst.jp/imgdata/recipe/07/43/4307/rc732x546_1606131341_1ac8d22ce732f0b566e16cf76e8162ba.jpg",5
201,"トマトソースのスパゲティ　モッツァレラチーズ入り","https://chefgohan.gnavi.co.jp/detail/4354","https://c-chefgohan.gnst.jp/imgdata/recipe/54/43/4354/rc732x546_1607041425_e28d2569f09f1662627ec1dc54c050c2.jpg",5
202,"ズッキーニのフリッタータ","https://chefgohan.gnavi.co.jp/detail/4467","https://c-chefgohan.gnst.jp/imgdata/recipe/67/44/4467/rc732x546_1611091042_5619d4fccca5ba8189b9bfdb682215d0.jpg",5
203,"ナポリ風　野菜のフリット","https://chefgohan.gnavi.co.jp/detail/4468","https://c-chefgohan.gnst.jp/imgdata/recipe/68/44/4468/rc732x546_1611091043_a68e4dea8addb3bff65bc6681d14709a.jpg",5
204,"インペパータ ディ コッツェ （ムール貝のインペパータ）","https://chefgohan.gnavi.co.jp/detail/4469","https://c-chefgohan.gnst.jp/imgdata/recipe/69/44/4469/rc732x546_1611091043_d1f98b7b6e776dd622859fe72dc5d558.jpg",5
205,"ボンゴレ ビアンコ（あさりのスパゲティ）","https://chefgohan.gnavi.co.jp/detail/4353","https://c-chefgohan.gnst.jp/imgdata/recipe/53/43/4353/rc732x546_1607041147_1d04a12a9f80cbf27f70630c2213af72.jpg",5
206,"ペンネ アラビアータ","https://chefgohan.gnavi.co.jp/detail/3931","https://c-chefgohan.gnst.jp/imgdata/recipe/31/39/3931/rc732x546_1601081104_edaf236a0260f7bf904c5fc69cd628a8.jpg",5
207,"鶏もも肉のカチャトーラ","https://chefgohan.gnavi.co.jp/detail/3932","https://c-chefgohan.gnst.jp/imgdata/recipe/32/39/3932/rc732x546_1601081105_5a9c2e533444041dcf92f154a3a621f1.jpg",5
208,"ポルペットーネ","https://chefgohan.gnavi.co.jp/detail/4730","https://c-chefgohan.gnst.jp/imgdata/recipe/30/47/4730/rc732x546_1610261028_d585c5206177cc82445bf307fb209b5d.jpg",5
209,"桜エビと生海苔のゼッポリーネ","https://chefgohan.gnavi.co.jp/detail/3050","https://c-chefgohan.gnst.jp/imgdata/recipe/50/30/3050/rc732x546_1503021249_368c0a51245099188df56a0ae809b9c6.jpg",5
210,"豚肉と椎茸のスカロッピーネ","https://chefgohan.gnavi.co.jp/detail/4799","https://c-chefgohan.gnst.jp/imgdata/recipe/99/47/4799/rc732x546_1611161616_62d1a67cff282a987a825d94dd35610d.jpg",5
211,"ピッツァ マルゲリータ","https://chefgohan.gnavi.co.jp/detail/4779","https://c-chefgohan.gnst.jp/imgdata/recipe/79/47/4779/rc732x546_1701101914_c6f63f3cd6b25c163c83266a45970e90.jpg",5
212,"仔牛のサルティンボッカ　白ワインソース","https://chefgohan.gnavi.co.jp/detail/4962","https://c-chefgohan.gnst.jp/imgdata/recipe/62/49/4962/rc732x546_1703071318_5b64d25f5181caa4c2c2a21dc2a52d08.jpg",5
213,"カネロニ","https://chefgohan.gnavi.co.jp/detail/4963","https://c-chefgohan.gnst.jp/imgdata/recipe/63/49/4963/rc732x546_1703071447_ada10e070a4b8ee8d4434b58fb8474dd.jpg",5
214,"スパゲッティ ノルマ","https://chefgohan.gnavi.co.jp/detail/5004","https://c-chefgohan.gnst.jp/imgdata/recipe/04/50/5004/rc732x546_1704101301_59c05bfb2e5df2a73082fcb8fc2f9218.JPG",5
215,"地鶏のシチリア風ロースト","https://chefgohan.gnavi.co.jp/detail/5005","https://c-chefgohan.gnst.jp/imgdata/recipe/05/50/5005/rc732x546_1704101230_b870be8e49d02195a6781703902bc0cf.JPG",5
216,"パエリア","https://chefgohan.gnavi.co.jp/detail/143","https://c-chefgohan.gnst.jp/imgdata/recipe/43/01/143/rc732x546_1209111011_42513f8716c097ba77269836e3f2a133.jpg",6
217,"ガスパチョ","https://chefgohan.gnavi.co.jp/detail/144","https://c-chefgohan.gnst.jp/imgdata/recipe/44/01/144/rc732x546_1209111012_bbb0579f5601966949183a6a362b1e25.jpg",6
218,"スペイン風オムレツ","https://chefgohan.gnavi.co.jp/detail/145","https://c-chefgohan.gnst.jp/imgdata/recipe/45/01/145/rc732x546_1209111014_ff5b8e528d359b30b3efcddd5fea881e.jpg",6
219,"若鶏のトマト煮込み  バスク風","https://chefgohan.gnavi.co.jp/detail/2100","https://c-chefgohan.gnst.jp/imgdata/recipe/00/21/2100/rc732x546_1402070115_289f984cda83dbc775c5bb74a341cab1.jpg",6
220,"エスカベッシュ（お魚と野菜の酢漬け）","https://chefgohan.gnavi.co.jp/detail/3351","https://c-chefgohan.gnst.jp/imgdata/recipe/51/33/3351/rc732x546_1507270457_814df8cd55cd101248b6dbf7bcb57f32.jpg",6
221,"海と山の幸のお米料理（アロス・カルドソ）","https://chefgohan.gnavi.co.jp/detail/3751","https://c-chefgohan.gnst.jp/imgdata/recipe/51/37/3751/rc732x546_1511191417_a6dda6061310187da080f61561b7bcaa.jpg",6
222,"魚介のフィデウア（パスタのパエジャ）","https://chefgohan.gnavi.co.jp/detail/4255","https://c-chefgohan.gnst.jp/imgdata/recipe/55/42/4255/rc732x546_1605181630_3928e2d1bf67475d3b0fe1c1a5546a97.jpg",6
223,"鶏肉のアヒージョ","https://chefgohan.gnavi.co.jp/detail/4256","https://c-chefgohan.gnst.jp/imgdata/recipe/56/42/4256/rc732x546_1605181642_6c13389cd6e837829eb8ae4801ce6690.jpg",6
224,"海老のアヒージョ","https://chefgohan.gnavi.co.jp/detail/4257","https://c-chefgohan.gnst.jp/imgdata/recipe/57/42/4257/rc732x546_1605181707_d489fe50609091fa4cf78bb907f6654c.jpg",6
225,"マッシュルームのアヒージョ","https://chefgohan.gnavi.co.jp/detail/4258","https://c-chefgohan.gnst.jp/imgdata/recipe/58/42/4258/rc732x546_1605181728_3286319778058a137d63b8ce4e0fddc2.jpg",6
226,"ニンニクのスープ　カスティージャ風","https://chefgohan.gnavi.co.jp/detail/4259","https://c-chefgohan.gnst.jp/imgdata/recipe/59/42/4259/rc732x546_1605191431_970df869de362373fad1c76f8240813d.jpg",6
227,"魚介のパエリャ","https://chefgohan.gnavi.co.jp/detail/4277","https://c-chefgohan.gnst.jp/imgdata/recipe/77/42/4277/rc732x546_1606011328_1b51bd6dc034aeee5e262c1c718097ec.jpg",6
228,"鶏肉のチリンドロン","https://chefgohan.gnavi.co.jp/detail/4278","https://c-chefgohan.gnst.jp/imgdata/recipe/78/42/4278/rc732x546_1606011608_f5318c6695f1581544038eadef15344d.jpg",6
229,"華やかピンチョス 3種盛り","https://chefgohan.gnavi.co.jp/detail/4760","https://c-chefgohan.gnst.jp/imgdata/recipe/60/47/4760/rc732x546_1611041403_dbb459d526e4b1672c270ae2b2c706dc.jpg",6
230,"シンガポールチキンライス","https://chefgohan.gnavi.co.jp/detail/1819","https://c-chefgohan.gnst.jp/imgdata/recipe/19/18/1819/rc732x546_1311080155_f610ce5b18db7a0821c58e105ca58838.jpg",7
231,"ナシゴレン スペシャル","https://chefgohan.gnavi.co.jp/detail/1821","https://c-chefgohan.gnst.jp/imgdata/recipe/21/18/1821/rc732x546_1311080504_06d04d5aab56b0330a7da4bd6d2fd341.jpg",7
232,"ピビン麺","https://chefgohan.gnavi.co.jp/detail/2168","https://c-chefgohan.gnst.jp/imgdata/recipe/68/21/2168/rc732x546_1404180936_dd6f1b65e9e3469938b8d7d7672d6803.jpg",7
233,"トッポギ","https://chefgohan.gnavi.co.jp/detail/2169","https://c-chefgohan.gnst.jp/imgdata/recipe/69/21/2169/rc732x546_1404180939_0873e715302bd1d7558f45819bb4b3e2.jpg",7
234,"ビビンパ","https://chefgohan.gnavi.co.jp/detail/3284","https://c-chefgohan.gnst.jp/imgdata/recipe/84/32/3284/rc732x546_1506151142_62024560bb55adedf0cbc7b341723a86.jpg",7
235,"チャプチェ","https://chefgohan.gnavi.co.jp/detail/3285","https://c-chefgohan.gnst.jp/imgdata/recipe/85/32/3285/rc732x546_1506151152_8f81d890bb8fba4269a00d2776bba5c4.jpg",7
236,"海鮮チヂミ","https://chefgohan.gnavi.co.jp/detail/3286","https://c-chefgohan.gnst.jp/imgdata/recipe/86/32/3286/rc732x546_1506151135_84db14343aeea1d77a73761e6a33188d.jpg",7
237,"タイの焼そば”パッタイ”","https://chefgohan.gnavi.co.jp/detail/3333","https://c-chefgohan.gnst.jp/imgdata/recipe/33/33/3333/rc732x546_1507210324_af3e32f95744c60be3c378e6f6aea1b6.jpg",7
238,"鶏肉のグリーンカレー\"ゲーンキョウワンガイ\"","https://chefgohan.gnavi.co.jp/detail/3334","https://c-chefgohan.gnst.jp/imgdata/recipe/34/33/3334/rc732x546_1507210338_6fb95ed8066e7d3b0288b1cf2d826965.jpg",7
239,"鶏挽き肉のバジル炒めごはん\"ガイガパオ\"","https://chefgohan.gnavi.co.jp/detail/3335","https://c-chefgohan.gnst.jp/imgdata/recipe/35/33/3335/rc732x546_1507210356_7c27878b01ee4de5658742add3449f1c.jpg",7
240,"スウドゥブチゲ","https://chefgohan.gnavi.co.jp/detail/3341","https://c-chefgohan.gnst.jp/imgdata/recipe/41/33/3341/rc732x546_1507211057_434f723549eaec959e37dc9e00699f83.jpg",7
241,"ナムル3種盛り（韓国かぼちゃ・なす・クレソン）","https://chefgohan.gnavi.co.jp/detail/3673","https://c-chefgohan.gnst.jp/imgdata/recipe/73/36/3673/rc732x546_1511091033_eba95f18d24aa04bafd7204a6f658a93.jpg",7
242,"家庭でできる　トムヤムクン","https://chefgohan.gnavi.co.jp/detail/4120","https://c-chefgohan.gnst.jp/imgdata/recipe/20/41/4120/rc732x546_1603101800_62d988bb82f676e5dcc9d838783be3e3.jpg",7
243,"家庭でできるタイの春雨サラダ　ヤムウンセン","https://chefgohan.gnavi.co.jp/detail/4121","https://c-chefgohan.gnst.jp/imgdata/recipe/21/41/4121/rc732x546_1603101804_0d66388bba36f03b42b66a691d7a1768.jpg",7
244,"ペチュギムチ（白菜キムチ）","https://chefgohan.gnavi.co.jp/detail/4783","https://c-chefgohan.gnst.jp/imgdata/recipe/83/47/4783/rc732x546_1611081758_73de835608991f9b15ea9ab8312c4285.jpg",7
245,"カクテキ（大根キムチ）","https://chefgohan.gnavi.co.jp/detail/4784","https://c-chefgohan.gnst.jp/imgdata/recipe/84/47/4784/rc732x546_1611091000_e99c46e68a4fd1f168aafa3341b6fb5c.jpg",7
246,"キンパ（韓国風海苔巻き）","https://chefgohan.gnavi.co.jp/detail/4785","https://c-chefgohan.gnst.jp/imgdata/recipe/85/47/4785/rc732x546_1611101328_3e9c43640862f1b40f474f5c6c4e7fbc.jpg",7
247,"ゲーン マッサマン（チキンマッサマンカレー）","https://chefgohan.gnavi.co.jp/detail/4902","https://c-chefgohan.gnst.jp/imgdata/recipe/02/49/4902/rc732x546_1701310933_838c00ddee725f6f62d862c732692861.jpg",7
248,"トートマングン（エビのすり身揚げ）","https://chefgohan.gnavi.co.jp/detail/4903","https://c-chefgohan.gnst.jp/imgdata/recipe/03/49/4903/rc732x546_1701310955_ff9bd35b63dcc5ddd5dd47c623f7d30d.jpg",7
249,"ヘムルチョンゴル（韓国の海鮮鍋）","https://chefgohan.gnavi.co.jp/detail/4946","https://c-chefgohan.gnst.jp/imgdata/recipe/46/49/4946/rc732x546_1702281155_3f74cb5687d0e5fef00375860cdf5669.jpg",7
250,"参鶏湯（サムゲタン）","https://chefgohan.gnavi.co.jp/detail/4947","https://c-chefgohan.gnst.jp/imgdata/recipe/47/49/4947/rc732x546_1703010930_c83858a2c576570a70594f7116d79c7d.jpg",7
251,"ムルギムチ（水キムチ）","https://chefgohan.gnavi.co.jp/detail/4948","https://c-chefgohan.gnst.jp/imgdata/recipe/48/49/4948/rc732x546_1703010950_cefbd9991ea33967c9eed33a1ae05309.jpg",7
252,"ラープガイ（鶏ひき肉のサラダ）","https://chefgohan.gnavi.co.jp/detail/4980","https://c-chefgohan.gnst.jp/imgdata/recipe/80/49/4980/rc732x546_1703221438_0a5283687679b1a6a7eec30efe24aa5b.jpg",7
253,"ガイヤーン（タイ風鶏の照り焼き）","https://chefgohan.gnavi.co.jp/detail/4981","https://c-chefgohan.gnst.jp/imgdata/recipe/81/49/4981/rc732x546_1703221551_1c5121274842735f1903f8d556e3c3e0.jpg",7
254,"ソムタムタイ（青パパイヤと人参のサラダ）","https://chefgohan.gnavi.co.jp/detail/4982","https://c-chefgohan.gnst.jp/imgdata/recipe/82/49/4982/rc732x546_1703221628_324f156a08fdb2e0cbd8f866eb9c32d9.jpg",7
255,"鶏手羽とレンコンのスープ","https://chefgohan.gnavi.co.jp/detail/4819","https://c-chefgohan.gnst.jp/imgdata/recipe/19/48/4819/rc732x546_1701171520_ab622d403c66c3338f60cb401c1a7411.jpg",7
256,"揚げ焼き塩豚の葉っぱ包み","https://chefgohan.gnavi.co.jp/detail/4818","https://c-chefgohan.gnst.jp/imgdata/recipe/18/48/4818/rc732x546_1702141232_2db5e7c4f433381f8f89d7a3002afc99.jpg",7
257,"バターチキンカレー","https://chefgohan.gnavi.co.jp/detail/2379","https://c-chefgohan.gnst.jp/imgdata/recipe/79/23/2379/rc732x546_1404040143_7e78d0275e849b64c636b4abff7e78b6.jpg",8
258,"南インド風チキンカレー","https://chefgohan.gnavi.co.jp/detail/2403","https://c-chefgohan.gnst.jp/imgdata/recipe/03/24/2403/rc732x546_1404180148_8b5f84f21347a2176195fb873b739305.jpg",8
259,"トルコ料理 カルヌ ヤルク（なすのひき肉のせ）","https://chefgohan.gnavi.co.jp/detail/3972","https://c-chefgohan.gnst.jp/imgdata/recipe/72/39/3972/rc732x546_1601221753_d4dff13e3bf179df3d1e4bf5c3368d93.jpg",8
260,"フムス （トルコ料理 ヒヨコ豆のペースト）","https://chefgohan.gnavi.co.jp/detail/3973","https://c-chefgohan.gnst.jp/imgdata/recipe/73/39/3973/rc732x546_1601221800_acd3ae46dd358e063d4ffb95b3838c4c.jpg",8
261,"チャパティ","https://chefgohan.gnavi.co.jp/detail/4309","https://c-chefgohan.gnst.jp/imgdata/recipe/09/43/4309/rc732x546_1606081116_5614bb451ad9ba182bd1e7f862864017.jpg",8
262,"サグカレー（ほうれん草のカレー）","https://chefgohan.gnavi.co.jp/detail/4310","https://c-chefgohan.gnst.jp/imgdata/recipe/10/43/4310/rc732x546_1606081615_81d6b1d46dfb51a4aa43a779899b0304.jpg",8
263,"チキンサグ（チキンとほうれん草のカレー）","https://chefgohan.gnavi.co.jp/detail/4311","https://c-chefgohan.gnst.jp/imgdata/recipe/11/43/4311/rc732x546_1606081117_61817194b6ad7b2257fb7b5f94f4a3f9.jpg",8
264,"キーマカレー（鶏ひき肉のカレー）","https://chefgohan.gnavi.co.jp/detail/4312","https://c-chefgohan.gnst.jp/imgdata/recipe/12/43/4312/rc732x546_1606081834_2b449c8ac637477bd52a9d70b7e975ae.jpg",8
265,"フィッシュカレー","https://chefgohan.gnavi.co.jp/detail/4315","https://c-chefgohan.gnst.jp/imgdata/recipe/15/43/4315/rc732x546_1606161207_9f89b4ee61642a0c18a5d23f1633020f.jpg",8
266,"サンバル（豆と野菜のカレー）","https://chefgohan.gnavi.co.jp/detail/4316","https://c-chefgohan.gnst.jp/imgdata/recipe/16/43/4316/rc732x546_1606161226_87fa4bde224a78171e4f21529678cd46.jpg",8
267,"ゴーヤのトーレン（野菜のスパイス炒め）","https://chefgohan.gnavi.co.jp/detail/4317","https://c-chefgohan.gnst.jp/imgdata/recipe/17/43/4317/rc732x546_1606161417_9b257feefb9e33675b0deaaf6f0751e5.jpg",8
268,"チキンシャクティ（ゴア風チキンカレー）とターメリックライス","https://chefgohan.gnavi.co.jp/detail/4374","https://c-chefgohan.gnst.jp/imgdata/recipe/74/43/4374/rc732x546_1607061838_4c4b882de1a7278d42d6eb15cb957744.jpg",8
269,"ポリヤル（キャベツのポリヤル）","https://chefgohan.gnavi.co.jp/detail/4375","https://c-chefgohan.gnst.jp/imgdata/recipe/75/43/4375/rc732x546_1607081120_1a151c629a98d68c82ba8aeedec3ab27.jpg",8
270,"サモサ（じゃがいもとグリーンピースのサモサ）","https://chefgohan.gnavi.co.jp/detail/4376","https://c-chefgohan.gnst.jp/imgdata/recipe/76/43/4376/rc732x546_1607081330_10ada267734b2e99bdc4519e64082052.jpg",8
271,"ナン（フライパンで焼く家庭バージョン）","https://chefgohan.gnavi.co.jp/detail/4404","https://c-chefgohan.gnst.jp/imgdata/recipe/04/44/4404/rc732x546_1607281319_5d4468fd5ca641060709fb2a61490504.jpg",8
272,"プラウンマサラ（海老カレー）　","https://chefgohan.gnavi.co.jp/detail/4405","https://c-chefgohan.gnst.jp/imgdata/recipe/05/44/4405/rc732x546_1607281848_0df572746e4ef4162d74e2ae25361469.jpg",8
273,"チャナマサラ（ひよこ豆のカレー）","https://chefgohan.gnavi.co.jp/detail/4406","https://c-chefgohan.gnst.jp/imgdata/recipe/06/44/4406/rc732x546_1607281902_63bd9d5268780d02eb0c2d7fd8d80f65.jpg",8
274,"野菜のビリヤニ（インド風炊き込みご飯）","https://chefgohan.gnavi.co.jp/detail/4407","https://c-chefgohan.gnst.jp/imgdata/recipe/07/44/4407/rc732x546_1607282020_7be1099679fd998e9ad143b92caa3654.jpg",8
275,"ケバブジュージェ（鶏肉の串焼き）","https://chefgohan.gnavi.co.jp/detail/4847","https://c-chefgohan.gnst.jp/imgdata/recipe/47/48/4847/rc732x546_1701101315_e97e9d768964a7acc23446241174c5a5.jpg",8
276,"ホレシュテ バーミエ（おくらの煮込み）","https://chefgohan.gnavi.co.jp/detail/4848","https://c-chefgohan.gnst.jp/imgdata/recipe/48/48/4848/rc732x546_1701101329_e63c144bc3f70351b3c39e017426fea1.jpg",8
277,"ククサブジ（ハーブ野菜のオムレツ）","https://chefgohan.gnavi.co.jp/detail/4849","https://c-chefgohan.gnst.jp/imgdata/recipe/49/48/4849/rc732x546_1701101511_431bd83e38a21a87ac4799bca74b8f80.jpg",8
278,"ポークカレー（ホームメイドスタイル）","https://chefgohan.gnavi.co.jp/detail/4965","https://c-chefgohan.gnst.jp/imgdata/recipe/65/49/4965/rc732x546_1703171451_cf673ff7e58480cb19e1b441f12f3211.jpg",8
279,"オニオン バジ（玉ねぎの天ぷら）","https://chefgohan.gnavi.co.jp/detail/4966","https://c-chefgohan.gnst.jp/imgdata/recipe/66/49/4966/rc732x546_1703171656_7f059e75226a68baa4b6c7bf1a02e3c9.jpg",8
280,"ベジタブルライタ（野菜のヨーグルトサラダ風）","https://chefgohan.gnavi.co.jp/detail/4967","https://c-chefgohan.gnst.jp/imgdata/recipe/67/49/4967/rc732x546_1703171806_44bf8bfaf15e7c75c26a6e3d9bed1aaf.jpg",8
281,"真鯛のセビーチェ（ペルー風 魚介マリネ）","https://chefgohan.gnavi.co.jp/detail/5010","https://c-chefgohan.gnst.jp/imgdata/recipe/10/50/5010/rc732x546_1703271801_c7f5926d21441cc3a95a69e4e16f5774.jpg",8
282,"ツナマヨネーズのカウサ（ペルー風 ポテトサラダ）","https://chefgohan.gnavi.co.jp/detail/5011","https://c-chefgohan.gnst.jp/imgdata/recipe/11/50/5011/rc732x546_1703301707_128e8e085df7c4ec1a62ecc67df57e7f.jpg",8
283,"ロモ・サルタード（ペルー風 牛肉と野菜の炒め物）","https://chefgohan.gnavi.co.jp/detail/5012","https://c-chefgohan.gnst.jp/imgdata/recipe/12/50/5012/rc732x546_1703301815_abb236c823d47dc5c073b93a865d5d4b.jpg",8
284,"杏仁豆腐","https://chefgohan.gnavi.co.jp/detail/102","https://c-chefgohan.gnst.jp/imgdata/recipe/02/01/102/rc732x546_1209100838_75856d9e1a1a3bd871efcad816f9c5ca.jpg",9
285,"マドレーヌ","https://chefgohan.gnavi.co.jp/detail/120","https://c-chefgohan.gnst.jp/imgdata/recipe/20/01/120/rc732x546_1305200258_9411254b6f6d2db7a6a6256c669c0376.jpg",9
286,"パンナコッタ","https://chefgohan.gnavi.co.jp/detail/121","https://c-chefgohan.gnst.jp/imgdata/recipe/21/01/121/rc732x546_1209110858_a267c0472b3f18c16be016b23e76b46e.jpg",9
287,"チョコチップクッキー","https://chefgohan.gnavi.co.jp/detail/122","https://c-chefgohan.gnst.jp/imgdata/recipe/22/01/122/rc732x546_1209110902_99d45fdb82faeaf046a3f6927ec4184c.jpg",9
288,"ティラミス","https://chefgohan.gnavi.co.jp/detail/141","https://c-chefgohan.gnst.jp/imgdata/recipe/41/01/141/rc732x546_1209110936_596e9c17ba5790d964a7de839508af3d.jpg",9
289,"グレープフルーツとホワイトチョコレートのブランマンジェ","https://chefgohan.gnavi.co.jp/detail/247","https://c-chefgohan.gnst.jp/imgdata/recipe/47/02/247/rc732x546_1209130732_f03eb1d1a93860876f53bcc6e4b26597.jpg",9
290,"リンゴとバナナのケーキ(ブラウン・ベティ風)","https://chefgohan.gnavi.co.jp/detail/248","https://c-chefgohan.gnst.jp/imgdata/recipe/48/02/248/rc732x546_1209130732_803022d4a7a3863569947be6824595bc.jpg",9
291,"パイナップルとフローズンヨーグルト","https://chefgohan.gnavi.co.jp/detail/249","https://c-chefgohan.gnst.jp/imgdata/recipe/49/02/249/rc732x546_1209130731_2574fe39e8b1616eb2ed9eb987ca5630.jpg",9
292,"チョコレートケーキ(フォンダンショコラ風)","https://chefgohan.gnavi.co.jp/detail/250","https://c-chefgohan.gnst.jp/imgdata/recipe/50/02/250/rc732x546_1209130730_e3b6475dea8a1a0e786a92746bdc0322.jpg",9
293,"生チョコレート","https://chefgohan.gnavi.co.jp/detail/736","https://c-chefgohan.gnst.jp/imgdata/recipe/36/07/736/rc732x546_1302080220_3590abc27fb24ad979603cc01ab04f13.jpg",9
294,"チョコレートムース","https://chefgohan.gnavi.co.jp/detail/2030","https://c-chefgohan.gnst.jp/imgdata/recipe/30/20/2030/rc732x546_1312260305_b3bfe92bfab5306ac7a2bf8ee884b9fd.jpg",9
295,"イチゴのレアチーズケーキ","https://chefgohan.gnavi.co.jp/detail/2069","https://c-chefgohan.gnst.jp/imgdata/recipe/69/20/2069/rc732x546_1401160956_707ad1998db4679fc426d14c483d16c6.jpg",9
296,"アンファン（とろけるプリン）","https://chefgohan.gnavi.co.jp/detail/2846","https://c-chefgohan.gnst.jp/imgdata/recipe/46/28/2846/rc732x546_1511091156_8bb604ecf083848a187a631ef745666d.jpg",9
297,"マンゴープリン","https://chefgohan.gnavi.co.jp/detail/2940","https://c-chefgohan.gnst.jp/imgdata/recipe/40/29/2940/rc732x546_1502130259_fba30e0bec59f554e2bfd52c45c1c3b0.jpg",9
298,"小豆から炊く　白玉おぜんざい","https://chefgohan.gnavi.co.jp/detail/3046","https://c-chefgohan.gnst.jp/imgdata/recipe/46/30/3046/rc732x546_1503120241_cf7951b5a93626b86a41f7af12ebc546.jpg",9
299,"ふわふわロールケーキ","https://chefgohan.gnavi.co.jp/detail/3238","https://c-chefgohan.gnst.jp/imgdata/recipe/38/32/3238/rc732x546_1505070643_39a6b1a9ec02e599c94783915000ab39.jpg",9
300,"アップルパイ","https://chefgohan.gnavi.co.jp/detail/3466","https://c-chefgohan.gnst.jp/imgdata/recipe/66/34/3466/rc732x546_1508311839_f02dc282596caf8a20b7adb77e2f5fda.jpg",9
301,"リンゴのコンポート リンゴのグラニテ添え","https://chefgohan.gnavi.co.jp/detail/3800","https://c-chefgohan.gnst.jp/imgdata/recipe/00/38/3800/rc732x546_1601041527_b20eb0f38b151c5bf361e50d754e18b7.jpg",9
302,"大人のブラウニー・グランマルニエ風味","https://chefgohan.gnavi.co.jp/detail/3855","https://c-chefgohan.gnst.jp/imgdata/recipe/55/38/3855/rc732x546_1512091028_c77254f6a2ab624bb9b0719e32a01605.jpg",9
303,"ボンボンショコラ トリュフ","https://chefgohan.gnavi.co.jp/detail/3873","https://c-chefgohan.gnst.jp/imgdata/recipe/73/38/3873/rc732x546_1512031643_87fd80efb37c3f2607d48f29f4d02bb6.jpg",9
304,"ムースショコラキャラメル","https://chefgohan.gnavi.co.jp/detail/3874","https://c-chefgohan.gnst.jp/imgdata/recipe/74/38/3874/rc732x546_1512031718_7984f6cfef77e697a71fc1e9163a1917.jpg",9
305,"みたらし団子","https://chefgohan.gnavi.co.jp/detail/4055","https://c-chefgohan.gnst.jp/imgdata/recipe/55/40/4055/rc732x546_1603011536_f9ecc7025a77c864b2f172013c858293.jpg",9
306,"安倍川餅","https://chefgohan.gnavi.co.jp/detail/4070","https://c-chefgohan.gnst.jp/imgdata/recipe/70/40/4070/rc732x546_1603161442_4238ff2c6aa6949eef0c458706be561f.jpg",9
307,"わらび餅","https://chefgohan.gnavi.co.jp/detail/4158","https://c-chefgohan.gnst.jp/imgdata/recipe/58/41/4158/rc732x546_1603291736_bdd0f002c29bc0d5057a21cb63379179.jpg",9
308,"ベイクドチーズケーキ","https://chefgohan.gnavi.co.jp/detail/4165","https://c-chefgohan.gnst.jp/imgdata/recipe/65/41/4165/rc732x546_1604041151_a4ac7d4a3b2a6da9d7a5e04d3af69027.jpg",9
309,"型抜きクッキー（プレーン）","https://chefgohan.gnavi.co.jp/detail/4166","https://c-chefgohan.gnst.jp/imgdata/recipe/66/41/4166/rc732x546_1604041358_3d43969554f35663c29f0c070040413d.jpg",9
310,"型抜きクッキー（抹茶味）","https://chefgohan.gnavi.co.jp/detail/4167","https://c-chefgohan.gnst.jp/imgdata/recipe/67/41/4167/rc732x546_1604041411_9c376e37a3d5b71478748e41366b0a31.jpg",9
311,"シフォンケーキ（ミルクティー）","https://chefgohan.gnavi.co.jp/detail/4168","https://c-chefgohan.gnst.jp/imgdata/recipe/68/41/4168/rc732x546_1604041422_f04e9c1cb9095c06de04ed22bcc752b4.jpg",9
312,"柏餅","https://chefgohan.gnavi.co.jp/detail/4202","https://c-chefgohan.gnst.jp/imgdata/recipe/02/42/4202/rc732x546_1604181038_ed4ecbf7c910e964bc84fe33cffa9426.jpg",9
313,"黒糖マーラーカオ","https://chefgohan.gnavi.co.jp/detail/4220","https://c-chefgohan.gnst.jp/imgdata/recipe/20/42/4220/rc732x546_1605101408_f573a3da400ba3ea8ffbc4823b85f04b.jpg",9
314,"ゴマ団子 （芝麻球）","https://chefgohan.gnavi.co.jp/detail/4221","https://c-chefgohan.gnst.jp/imgdata/recipe/21/42/4221/rc732x546_1605101748_468e6f3ae825f2f467e45728b47f6f71.jpg",9
315,"ビスコッティ","https://chefgohan.gnavi.co.jp/detail/4262","https://c-chefgohan.gnst.jp/imgdata/recipe/62/42/4262/rc732x546_1605191703_6a183505378bc89f6105770827f3b81a.jpg",9
316,"クレマカタラナ","https://chefgohan.gnavi.co.jp/detail/4279","https://c-chefgohan.gnst.jp/imgdata/recipe/79/42/4279/rc732x546_1606011659_2f433abe2a7d3a9abea41ce03f3bcdfb.jpg",9
317,"さつまいもの羊羹","https://chefgohan.gnavi.co.jp/detail/4570","https://c-chefgohan.gnst.jp/imgdata/recipe/70/45/4570/rc732x546_1609290956_9af0976acab83a85920d7a176a406a7b.jpg",9
318,"ウィークエンド・シトロン（レモンのパウンドケーキ）","https://chefgohan.gnavi.co.jp/detail/4708","https://c-chefgohan.gnst.jp/imgdata/recipe/08/47/4708/rc732x546_1610111655_74b3c6640a64fc8b0408776e28d6ac89.jpg",9
319,"ケーク オ ショコラ","https://chefgohan.gnavi.co.jp/detail/4820","https://c-chefgohan.gnst.jp/imgdata/recipe/20/48/4820/rc732x546_1611291733_a09b6add720b1d304d9f4c8b92c5ccf1.jpg",9
320,"ブルーベリーたっぷりのパウンドケーキ","https://chefgohan.gnavi.co.jp/detail/687","https://c-chefgohan.gnst.jp/imgdata/recipe/87/06/687/rc732x546_1301240314_420f7bb899fc159da33486d3d4ac11b7.jpg",9
321,"ムース・オ・ミルティーユ（ブルーベリーのムース）","https://chefgohan.gnavi.co.jp/detail/4707","https://c-chefgohan.gnst.jp/imgdata/recipe/07/47/4707/rc732x546_1610111657_fa7e71285bbf80629edd04ae60b5d68c.jpg",9
322,"ルージュベリーのアントルメグラッセ（アイスケーキ）","https://chefgohan.gnavi.co.jp/detail/4825","https://c-chefgohan.gnst.jp/imgdata/recipe/25/48/4825/rc732x546_1612061140_6ac32ea418eea5f5a412eb04271fb5ea.jpg",9
323,"ショコラスリーズ","https://chefgohan.gnavi.co.jp/detail/4822","https://c-chefgohan.gnst.jp/imgdata/recipe/22/48/4822/rc732x546_1611291132_a49192b937af8d7d0764c31f84d7e7df.jpg",9
324,"クレーム アンジュ","https://chefgohan.gnavi.co.jp/detail/4821","https://c-chefgohan.gnst.jp/imgdata/recipe/21/48/4821/rc732x546_1611291814_e6084ef16179e2b845078d251b1f22d9.jpg",9
325,"シュー ア ラ クレーム","https://chefgohan.gnavi.co.jp/detail/4378","https://c-chefgohan.gnst.jp/imgdata/recipe/78/43/4378/rc732x546_1609091149_11b8ef99da6cd24b07d6b7bec49244a4.jpg",9
326,"イチゴのショートケーキ","https://chefgohan.gnavi.co.jp/detail/4377","https://c-chefgohan.gnst.jp/imgdata/recipe/77/43/4377/rc732x546_1610131751_e8606eda8829a9b0dd63a3e3efe63565.jpg",9
327,"さくらんぼのクラフティ","https://chefgohan.gnavi.co.jp/detail/4547","https://c-chefgohan.gnst.jp/imgdata/recipe/47/45/4547/rc732x546_1609081650_a25e5d3921c61dee563cce49ac59b70c.jpg",9
328,"プロフィットロール","https://chefgohan.gnavi.co.jp/detail/4731","https://c-chefgohan.gnst.jp/imgdata/recipe/31/47/4731/rc732x546_1610261819_956a8d4d503f86bc6b904c6ab4d8cf91.jpg",9
329,"ブリオッシュのフレンチトースト","https://chefgohan.gnavi.co.jp/detail/3352","https://c-chefgohan.gnst.jp/imgdata/recipe/52/33/3352/rc732x546_1507270625_eba1b8e4bfbf86906662b65f87a3685a.jpg",9
330,"ブリュッセル風ワッフル","https://chefgohan.gnavi.co.jp/detail/4815","https://c-chefgohan.gnst.jp/imgdata/recipe/15/48/4815/rc732x546_1612081912_ff230bd35ad09335798fec24a089527f.jpg",9
331,"カスタードプリン","https://chefgohan.gnavi.co.jp/detail/4890","https://c-chefgohan.gnst.jp/imgdata/recipe/90/48/4890/rc732x546_1701311605_a266b16973e6bea46d3fabf8bc20dc93.jpg",9
332,"タピオカココナッツミルク","https://chefgohan.gnavi.co.jp/detail/4904","https://c-chefgohan.gnst.jp/imgdata/recipe/04/49/4904/rc732x546_1701311016_da1a82069cf97be23d7a385996258ab9.jpg",9
333,"リコッタチーズたっぷりのカンノーロ","https://chefgohan.gnavi.co.jp/detail/4964","https://c-chefgohan.gnst.jp/imgdata/recipe/64/49/4964/rc732x546_1703071624_bad7f046db5532ec1998fe610f2e7247.jpg",9
